lookup-8, 32, 100000000, 1.009215
lookup-64, 32, 100000000, 1.014696
bit-parallel, 32, 100000000, 1.086343
bit-parallel-optimized, 32, 100000000, 0.770327
bit-parallel-mul, 32, 100000000, 0.688740
bit-parallel32, 32, 100000000, 1.730450
bit-parallel-optimized32, 32, 100000000, 1.223874
harley-seal, 32, 100000000, 1.352104
sse-bit-parallel, 32, 100000000, 1.018664
sse-bit-parallel-original, 32, 100000000, 0.713797
sse-bit-parallel-better, 32, 100000000, 1.031201
sse-harley-seal, 32, 100000000, 0.795379
sse-lookup, 32, 100000000, 0.367312
sse-lookup-original, 32, 100000000, 0.645023
avx2-lookup, 32, 100000000, 0.494841
avx2-lookup-original, 32, 100000000, 1.131878
avx2-harley-seal, 32, 100000000, 1.334875
cpu, 32, 100000000, 0.211050
sse-cpu, 32, 100000000, 1.110101
avx2-cpu, 32, 100000000, 1.095703
builtin-popcnt, 32, 100000000, 0.234989
builtin-popcnt32, 32, 100000000, 0.393106
builtin-popcnt-unrolled, 32, 100000000, 0.118338
builtin-popcnt-unrolled32, 32, 100000000, 0.197002
builtin-popcnt-unrolled-errata, 32, 100000000, 0.159012
builtin-popcnt-unrolled-errata-manual, 32, 100000000, 0.207800
builtin-popcnt-movdq, 32, 100000000, 0.173954
builtin-popcnt-movdq-unrolled, 32, 100000000, 0.224964
builtin-popcnt-movdq-unrolled_manual, 32, 100000000, 0.236039
lookup-8, 64, 50000000, 0.931668
lookup-64, 64, 50000000, 0.935383
bit-parallel, 64, 50000000, 0.984318
bit-parallel-optimized, 64, 50000000, 0.668246
bit-parallel-mul, 64, 50000000, 0.629052
bit-parallel32, 64, 50000000, 1.649308
bit-parallel-optimized32, 64, 50000000, 1.161836
harley-seal, 64, 50000000, 0.969986
sse-bit-parallel, 64, 50000000, 0.952620
sse-bit-parallel-original, 64, 50000000, 0.467386
sse-bit-parallel-better, 64, 50000000, 0.937007
sse-harley-seal, 64, 50000000, 0.501348
sse-lookup, 64, 50000000, 0.254620
sse-lookup-original, 64, 50000000, 0.432859
avx2-lookup, 64, 50000000, 0.310780
avx2-lookup-original, 64, 50000000, 0.684320
avx2-harley-seal, 64, 50000000, 0.792588
cpu, 64, 50000000, 0.156587
sse-cpu, 64, 50000000, 0.181388
avx2-cpu, 64, 50000000, 0.985180
builtin-popcnt, 64, 50000000, 0.201029
builtin-popcnt32, 64, 50000000, 0.347014
builtin-popcnt-unrolled, 64, 50000000, 0.102649
builtin-popcnt-unrolled32, 64, 50000000, 0.196366
builtin-popcnt-unrolled-errata, 64, 50000000, 0.125847
builtin-popcnt-unrolled-errata-manual, 64, 50000000, 0.144478
builtin-popcnt-movdq, 64, 50000000, 0.185162
builtin-popcnt-movdq-unrolled, 64, 50000000, 0.208324
builtin-popcnt-movdq-unrolled_manual, 64, 50000000, 0.201923
lookup-8, 128, 25000000, 0.922218
lookup-64, 128, 25000000, 0.918888
bit-parallel, 128, 25000000, 0.905105
bit-parallel-optimized, 128, 25000000, 0.625321
bit-parallel-mul, 128, 25000000, 0.597207
bit-parallel32, 128, 25000000, 1.594182
bit-parallel-optimized32, 128, 25000000, 1.101179
harley-seal, 128, 25000000, 0.444814
sse-bit-parallel, 128, 25000000, 0.582854
sse-bit-parallel-original, 128, 25000000, 0.349096
sse-bit-parallel-better, 128, 25000000, 0.551792
sse-harley-seal, 128, 25000000, 0.358110
sse-lookup, 128, 25000000, 0.165353
sse-lookup-original, 128, 25000000, 0.295970
avx2-lookup, 128, 25000000, 0.213580
avx2-lookup-original, 128, 25000000, 0.397986
avx2-harley-seal, 128, 25000000, 0.494341
cpu, 128, 25000000, 0.119369
sse-cpu, 128, 25000000, 0.181648
avx2-cpu, 128, 25000000, 0.172847
builtin-popcnt, 128, 25000000, 0.175948
builtin-popcnt32, 128, 25000000, 0.316248
builtin-popcnt-unrolled, 128, 25000000, 0.098946
builtin-popcnt-unrolled32, 128, 25000000, 0.190238
builtin-popcnt-unrolled-errata, 128, 25000000, 0.106967
builtin-popcnt-unrolled-errata-manual, 128, 25000000, 0.120015
builtin-popcnt-movdq, 128, 25000000, 0.187292
builtin-popcnt-movdq-unrolled, 128, 25000000, 0.177082
builtin-popcnt-movdq-unrolled_manual, 128, 25000000, 0.191069
lookup-8, 256, 12500000, 0.987765
lookup-64, 256, 12500000, 0.973957
bit-parallel, 256, 12500000, 0.881842
bit-parallel-optimized, 256, 12500000, 0.615682
bit-parallel-mul, 256, 12500000, 0.598726
bit-parallel32, 256, 12500000, 1.563321
bit-parallel-optimized32, 256, 12500000, 1.121329
harley-seal, 256, 12500000, 0.337488
sse-bit-parallel, 256, 12500000, 0.396967
sse-bit-parallel-original, 256, 12500000, 0.286589
sse-bit-parallel-better, 256, 12500000, 0.398890
sse-harley-seal, 256, 12500000, 0.177758
sse-lookup, 256, 12500000, 0.136851
sse-lookup-original, 256, 12500000, 0.223807
avx2-lookup, 256, 12500000, 0.162241
avx2-lookup-original, 256, 12500000, 0.268845
avx2-harley-seal, 256, 12500000, 0.354399
cpu, 256, 12500000, 0.104955
sse-cpu, 256, 12500000, 0.184251
avx2-cpu, 256, 12500000, 0.181659
builtin-popcnt, 256, 12500000, 0.153797
builtin-popcnt32, 256, 12500000, 0.299198
builtin-popcnt-unrolled, 256, 12500000, 0.096926
builtin-popcnt-unrolled32, 256, 12500000, 0.189176
builtin-popcnt-unrolled-errata, 256, 12500000, 0.098533
builtin-popcnt-unrolled-errata-manual, 256, 12500000, 0.106581
builtin-popcnt-movdq, 256, 12500000, 0.178806
builtin-popcnt-movdq-unrolled, 256, 12500000, 0.176960
builtin-popcnt-movdq-unrolled_manual, 256, 12500000, 0.188323
lookup-8, 512, 10000000, 1.474632
lookup-64, 512, 10000000, 1.480710
bit-parallel, 512, 10000000, 1.380937
bit-parallel-optimized, 512, 10000000, 0.948932
bit-parallel-mul, 512, 10000000, 0.989935
bit-parallel32, 512, 10000000, 2.507420
bit-parallel-optimized32, 512, 10000000, 1.786332
harley-seal, 512, 10000000, 0.438588
sse-bit-parallel, 512, 10000000, 0.502561
sse-bit-parallel-original, 512, 10000000, 0.410458
sse-bit-parallel-better, 512, 10000000, 0.477319
sse-harley-seal, 512, 10000000, 0.217632
sse-lookup, 512, 10000000, 0.199119
sse-lookup-original, 512, 10000000, 0.304230
avx2-lookup, 512, 10000000, 0.211088
avx2-lookup-original, 512, 10000000, 0.301816
avx2-harley-seal, 512, 10000000, 0.263070
cpu, 512, 10000000, 0.173534
sse-cpu, 512, 10000000, 0.279783
avx2-cpu, 512, 10000000, 0.279540
builtin-popcnt, 512, 10000000, 0.217980
builtin-popcnt32, 512, 10000000, 0.467829
builtin-popcnt-unrolled, 512, 10000000, 0.151162
builtin-popcnt-unrolled32, 512, 10000000, 0.377838
builtin-popcnt-unrolled-errata, 512, 10000000, 0.150322
builtin-popcnt-unrolled-errata-manual, 512, 10000000, 0.152788
builtin-popcnt-movdq, 512, 10000000, 0.292771
builtin-popcnt-movdq-unrolled, 512, 10000000, 0.273097
builtin-popcnt-movdq-unrolled_manual, 512, 10000000, 0.298410
lookup-8, 1024, 5000000, 1.429662
lookup-64, 1024, 5000000, 1.456837
bit-parallel, 1024, 5000000, 1.396859
bit-parallel-optimized, 1024, 5000000, 0.938292
bit-parallel-mul, 1024, 5000000, 0.938728
bit-parallel32, 1024, 5000000, 2.468371
bit-parallel-optimized32, 1024, 5000000, 1.812941
harley-seal, 1024, 5000000, 0.394890
sse-bit-parallel, 1024, 5000000, 0.459721
sse-bit-parallel-original, 1024, 5000000, 0.435603
sse-bit-parallel-better, 1024, 5000000, 0.424626
sse-harley-seal, 1024, 5000000, 0.186149
sse-lookup, 1024, 5000000, 0.190760
sse-lookup-original, 1024, 5000000, 0.325022
avx2-lookup, 1024, 5000000, 0.201965
avx2-lookup-original, 1024, 5000000, 0.250487
avx2-harley-seal, 1024, 5000000, 0.202640
cpu, 1024, 5000000, 0.168060
sse-cpu, 1024, 5000000, 0.268867
avx2-cpu, 1024, 5000000, 0.271069
builtin-popcnt, 1024, 5000000, 0.209491
builtin-popcnt32, 1024, 5000000, 0.456306
builtin-popcnt-unrolled, 1024, 5000000, 0.189930
builtin-popcnt-unrolled32, 1024, 5000000, 0.326231
builtin-popcnt-unrolled-errata, 1024, 5000000, 0.144825
builtin-popcnt-unrolled-errata-manual, 1024, 5000000, 0.146854
builtin-popcnt-movdq, 1024, 5000000, 0.306381
builtin-popcnt-movdq-unrolled, 1024, 5000000, 0.278511
builtin-popcnt-movdq-unrolled_manual, 1024, 5000000, 0.318229
lookup-8, 2048, 2500000, 1.440180
lookup-64, 2048, 2500000, 1.397115
bit-parallel, 2048, 2500000, 1.364503
bit-parallel-optimized, 2048, 2500000, 0.946951
bit-parallel-mul, 2048, 2500000, 0.953503
bit-parallel32, 2048, 2500000, 2.475967
bit-parallel-optimized32, 2048, 2500000, 1.803144
harley-seal, 2048, 2500000, 0.369917
sse-bit-parallel, 2048, 2500000, 0.429174
sse-bit-parallel-original, 2048, 2500000, 0.441866
sse-bit-parallel-better, 2048, 2500000, 0.379444
sse-harley-seal, 2048, 2500000, 0.161649
sse-lookup, 2048, 2500000, 0.186926
sse-lookup-original, 2048, 2500000, 0.342840
avx2-lookup, 2048, 2500000, 0.187400
avx2-lookup-original, 2048, 2500000, 0.234945
avx2-harley-seal, 2048, 2500000, 0.167318
cpu, 2048, 2500000, 0.184781
sse-cpu, 2048, 2500000, 0.260899
avx2-cpu, 2048, 2500000, 0.275105
builtin-popcnt, 2048, 2500000, 0.212305
builtin-popcnt32, 2048, 2500000, 0.465139
builtin-popcnt-unrolled, 2048, 2500000, 0.174445
builtin-popcnt-unrolled32, 2048, 2500000, 0.340094
builtin-popcnt-unrolled-errata, 2048, 2500000, 0.155813
builtin-popcnt-unrolled-errata-manual, 2048, 2500000, 0.157910
builtin-popcnt-movdq, 2048, 2500000, 0.322407
builtin-popcnt-movdq-unrolled, 2048, 2500000, 0.278810
builtin-popcnt-movdq-unrolled_manual, 2048, 2500000, 0.301716
lookup-8, 4096, 1250000, 1.447707
lookup-64, 4096, 1250000, 1.417639
bit-parallel, 4096, 1250000, 1.360143
bit-parallel-optimized, 4096, 1250000, 0.951447
bit-parallel-mul, 4096, 1250000, 0.933596
bit-parallel32, 4096, 1250000, 2.446685
bit-parallel-optimized32, 4096, 1250000, 1.797684
harley-seal, 4096, 1250000, 0.361238
sse-bit-parallel, 4096, 1250000, 0.402106
sse-bit-parallel-original, 4096, 1250000, 0.434730
sse-bit-parallel-better, 4096, 1250000, 0.355476
sse-harley-seal, 4096, 1250000, 0.164365
sse-lookup, 4096, 1250000, 0.185864
sse-lookup-original, 4096, 1250000, 0.328466
avx2-lookup, 4096, 1250000, 0.189475
avx2-lookup-original, 4096, 1250000, 0.236646
avx2-harley-seal, 4096, 1250000, 0.150136
cpu, 4096, 1250000, 0.166060
sse-cpu, 4096, 1250000, 0.279700
avx2-cpu, 4096, 1250000, 0.270790
builtin-popcnt, 4096, 1250000, 0.209509
builtin-popcnt32, 4096, 1250000, 0.460257
builtin-popcnt-unrolled, 4096, 1250000, 0.172334
builtin-popcnt-unrolled32, 4096, 1250000, 0.338979
builtin-popcnt-unrolled-errata, 4096, 1250000, 0.147175
builtin-popcnt-unrolled-errata-manual, 4096, 1250000, 0.151226
builtin-popcnt-movdq, 4096, 1250000, 0.314917
builtin-popcnt-movdq-unrolled, 4096, 1250000, 0.278231
builtin-popcnt-movdq-unrolled_manual, 4096, 1250000, 0.290712
lookup-8, 32, 100000000, 1.025686
lookup-64, 32, 100000000, 1.028387
bit-parallel, 32, 100000000, 1.092055
bit-parallel-optimized, 32, 100000000, 0.760478
bit-parallel-mul, 32, 100000000, 0.679373
bit-parallel32, 32, 100000000, 1.727054
bit-parallel-optimized32, 32, 100000000, 1.225321
harley-seal, 32, 100000000, 1.351551
sse-bit-parallel, 32, 100000000, 1.040719
sse-bit-parallel-original, 32, 100000000, 0.706337
sse-bit-parallel-better, 32, 100000000, 1.031576
sse-harley-seal, 32, 100000000, 0.802265
sse-lookup, 32, 100000000, 0.379524
sse-lookup-original, 32, 100000000, 0.645589
avx2-lookup, 32, 100000000, 0.512963
avx2-lookup-original, 32, 100000000, 1.139003
avx2-harley-seal, 32, 100000000, 1.395236
cpu, 32, 100000000, 0.215548
sse-cpu, 32, 100000000, 1.080503
avx2-cpu, 32, 100000000, 1.133986
builtin-popcnt, 32, 100000000, 0.230088
builtin-popcnt32, 32, 100000000, 0.388005
builtin-popcnt-unrolled, 32, 100000000, 0.120653
builtin-popcnt-unrolled32, 32, 100000000, 0.209054
builtin-popcnt-unrolled-errata, 32, 100000000, 0.161221
builtin-popcnt-unrolled-errata-manual, 32, 100000000, 0.213886
builtin-popcnt-movdq, 32, 100000000, 0.183256
builtin-popcnt-movdq-unrolled, 32, 100000000, 0.230823
builtin-popcnt-movdq-unrolled_manual, 32, 100000000, 0.230696
lookup-8, 64, 50000000, 0.938500
lookup-64, 64, 50000000, 0.935704
bit-parallel, 64, 50000000, 0.982695
bit-parallel-optimized, 64, 50000000, 0.671638
bit-parallel-mul, 64, 50000000, 0.620219
bit-parallel32, 64, 50000000, 1.631430
bit-parallel-optimized32, 64, 50000000, 1.171892
harley-seal, 64, 50000000, 0.970842
sse-bit-parallel, 64, 50000000, 0.960114
sse-bit-parallel-original, 64, 50000000, 0.469742
sse-bit-parallel-better, 64, 50000000, 0.964527
sse-harley-seal, 64, 50000000, 0.499235
sse-lookup, 64, 50000000, 0.259642
sse-lookup-original, 64, 50000000, 0.430047
avx2-lookup, 64, 50000000, 0.324425
avx2-lookup-original, 64, 50000000, 0.697629
avx2-harley-seal, 64, 50000000, 0.784057
cpu, 64, 50000000, 0.159448
sse-cpu, 64, 50000000, 0.184400
avx2-cpu, 64, 50000000, 0.975657
builtin-popcnt, 64, 50000000, 0.209075
builtin-popcnt32, 64, 50000000, 0.357954
builtin-popcnt-unrolled, 64, 50000000, 0.103172
builtin-popcnt-unrolled32, 64, 50000000, 0.196611
builtin-popcnt-unrolled-errata, 64, 50000000, 0.123471
builtin-popcnt-unrolled-errata-manual, 64, 50000000, 0.145723
builtin-popcnt-movdq, 64, 50000000, 0.187234
builtin-popcnt-movdq-unrolled, 64, 50000000, 0.216030
builtin-popcnt-movdq-unrolled_manual, 64, 50000000, 0.207664
lookup-8, 128, 25000000, 0.930357
lookup-64, 128, 25000000, 0.915663
bit-parallel, 128, 25000000, 0.921533
bit-parallel-optimized, 128, 25000000, 0.622845
bit-parallel-mul, 128, 25000000, 0.617924
bit-parallel32, 128, 25000000, 1.605153
bit-parallel-optimized32, 128, 25000000, 1.125134
harley-seal, 128, 25000000, 0.445013
sse-bit-parallel, 128, 25000000, 0.573460
sse-bit-parallel-original, 128, 25000000, 0.341545
sse-bit-parallel-better, 128, 25000000, 0.570331
sse-harley-seal, 128, 25000000, 0.363446
sse-lookup, 128, 25000000, 0.163162
sse-lookup-original, 128, 25000000, 0.298325
avx2-lookup, 128, 25000000, 0.219420
avx2-lookup-original, 128, 25000000, 0.405415
avx2-harley-seal, 128, 25000000, 0.507085
cpu, 128, 25000000, 0.114824
sse-cpu, 128, 25000000, 0.181588
avx2-cpu, 128, 25000000, 0.175722
builtin-popcnt, 128, 25000000, 0.176466
builtin-popcnt32, 128, 25000000, 0.309321
builtin-popcnt-unrolled, 128, 25000000, 0.098600
builtin-popcnt-unrolled32, 128, 25000000, 0.183160
builtin-popcnt-unrolled-errata, 128, 25000000, 0.102402
builtin-popcnt-unrolled-errata-manual, 128, 25000000, 0.120852
builtin-popcnt-movdq, 128, 25000000, 0.188143
builtin-popcnt-movdq-unrolled, 128, 25000000, 0.169890
builtin-popcnt-movdq-unrolled_manual, 128, 25000000, 0.189919
lookup-8, 256, 12500000, 0.977715
lookup-64, 256, 12500000, 0.968315
bit-parallel, 256, 12500000, 0.888417
bit-parallel-optimized, 256, 12500000, 0.605785
bit-parallel-mul, 256, 12500000, 0.592877
bit-parallel32, 256, 12500000, 1.564897
bit-parallel-optimized32, 256, 12500000, 1.123766
harley-seal, 256, 12500000, 0.329535
sse-bit-parallel, 256, 12500000, 0.399092
sse-bit-parallel-original, 256, 12500000, 0.286905
sse-bit-parallel-better, 256, 12500000, 0.381871
sse-harley-seal, 256, 12500000, 0.176975
sse-lookup, 256, 12500000, 0.138780
sse-lookup-original, 256, 12500000, 0.219806
avx2-lookup, 256, 12500000, 0.162157
avx2-lookup-original, 256, 12500000, 0.258109
avx2-harley-seal, 256, 12500000, 0.368874
cpu, 256, 12500000, 0.110534
sse-cpu, 256, 12500000, 0.181397
avx2-cpu, 256, 12500000, 0.179208
builtin-popcnt, 256, 12500000, 0.153453
builtin-popcnt32, 256, 12500000, 0.292867
builtin-popcnt-unrolled, 256, 12500000, 0.096023
builtin-popcnt-unrolled32, 256, 12500000, 0.189783
builtin-popcnt-unrolled-errata, 256, 12500000, 0.095698
builtin-popcnt-unrolled-errata-manual, 256, 12500000, 0.101347
builtin-popcnt-movdq, 256, 12500000, 0.185603
builtin-popcnt-movdq-unrolled, 256, 12500000, 0.172545
builtin-popcnt-movdq-unrolled_manual, 256, 12500000, 0.186392
lookup-8, 512, 10000000, 1.487718
lookup-64, 512, 10000000, 1.472090
bit-parallel, 512, 10000000, 1.403351
bit-parallel-optimized, 512, 10000000, 0.965990
bit-parallel-mul, 512, 10000000, 0.982508
bit-parallel32, 512, 10000000, 2.481500
bit-parallel-optimized32, 512, 10000000, 1.783322
harley-seal, 512, 10000000, 0.428373
sse-bit-parallel, 512, 10000000, 0.529956
sse-bit-parallel-original, 512, 10000000, 0.405045
sse-bit-parallel-better, 512, 10000000, 0.478326
sse-harley-seal, 512, 10000000, 0.221544
sse-lookup, 512, 10000000, 0.197719
sse-lookup-original, 512, 10000000, 0.298623
avx2-lookup, 512, 10000000, 0.215829
avx2-lookup-original, 512, 10000000, 0.304900
avx2-harley-seal, 512, 10000000, 0.267190
cpu, 512, 10000000, 0.169970
sse-cpu, 512, 10000000, 0.281165
avx2-cpu, 512, 10000000, 0.280042
builtin-popcnt, 512, 10000000, 0.219796
builtin-popcnt32, 512, 10000000, 0.474577
builtin-popcnt-unrolled, 512, 10000000, 0.155892
builtin-popcnt-unrolled32, 512, 10000000, 0.373668
builtin-popcnt-unrolled-errata, 512, 10000000, 0.150254
builtin-popcnt-unrolled-errata-manual, 512, 10000000, 0.150439
builtin-popcnt-movdq, 512, 10000000, 0.305802
builtin-popcnt-movdq-unrolled, 512, 10000000, 0.273090
builtin-popcnt-movdq-unrolled_manual, 512, 10000000, 0.286219
lookup-8, 1024, 5000000, 1.459576
lookup-64, 1024, 5000000, 1.459044
bit-parallel, 1024, 5000000, 1.365119
bit-parallel-optimized, 1024, 5000000, 0.960503
bit-parallel-mul, 1024, 5000000, 0.965706
bit-parallel32, 1024, 5000000, 2.517266
bit-parallel-optimized32, 1024, 5000000, 1.837391
harley-seal, 1024, 5000000, 0.390788
sse-bit-parallel, 1024, 5000000, 0.454777
sse-bit-parallel-original, 1024, 5000000, 0.417004
sse-bit-parallel-better, 1024, 5000000, 0.409721
sse-harley-seal, 1024, 5000000, 0.190356
sse-lookup, 1024, 5000000, 0.195916
sse-lookup-original, 1024, 5000000, 0.329897
avx2-lookup, 1024, 5000000, 0.193093
avx2-lookup-original, 1024, 5000000, 0.251181
avx2-harley-seal, 1024, 5000000, 0.206355
cpu, 1024, 5000000, 0.171301
sse-cpu, 1024, 5000000, 0.269165
avx2-cpu, 1024, 5000000, 0.278785
builtin-popcnt, 1024, 5000000, 0.217468
builtin-popcnt32, 1024, 5000000, 0.477293
builtin-popcnt-unrolled, 1024, 5000000, 0.189413
builtin-popcnt-unrolled32, 1024, 5000000, 0.338608
builtin-popcnt-unrolled-errata, 1024, 5000000, 0.148091
builtin-popcnt-unrolled-errata-manual, 1024, 5000000, 0.148860
builtin-popcnt-movdq, 1024, 5000000, 0.316686
builtin-popcnt-movdq-unrolled, 1024, 5000000, 0.274124
builtin-popcnt-movdq-unrolled_manual, 1024, 5000000, 0.312265
lookup-8, 2048, 2500000, 1.436119
lookup-64, 2048, 2500000, 1.460415
bit-parallel, 2048, 2500000, 1.371642
bit-parallel-optimized, 2048, 2500000, 0.943365
bit-parallel-mul, 2048, 2500000, 0.941953
bit-parallel32, 2048, 2500000, 2.471638
bit-parallel-optimized32, 2048, 2500000, 1.797018
harley-seal, 2048, 2500000, 0.371258
sse-bit-parallel, 2048, 2500000, 0.422452
sse-bit-parallel-original, 2048, 2500000, 0.454561
sse-bit-parallel-better, 2048, 2500000, 0.371689
sse-harley-seal, 2048, 2500000, 0.167771
sse-lookup, 2048, 2500000, 0.191579
sse-lookup-original, 2048, 2500000, 0.337111
avx2-lookup, 2048, 2500000, 0.193628
avx2-lookup-original, 2048, 2500000, 0.245016
avx2-harley-seal, 2048, 2500000, 0.170024
cpu, 2048, 2500000, 0.179774
sse-cpu, 2048, 2500000, 0.266541
avx2-cpu, 2048, 2500000, 0.279709
builtin-popcnt, 2048, 2500000, 0.212947
builtin-popcnt32, 2048, 2500000, 0.455673
builtin-popcnt-unrolled, 2048, 2500000, 0.174233
builtin-popcnt-unrolled32, 2048, 2500000, 0.339034
builtin-popcnt-unrolled-errata, 2048, 2500000, 0.160301
builtin-popcnt-unrolled-errata-manual, 2048, 2500000, 0.161552
builtin-popcnt-movdq, 2048, 2500000, 0.318968
builtin-popcnt-movdq-unrolled, 2048, 2500000, 0.276805
builtin-popcnt-movdq-unrolled_manual, 2048, 2500000, 0.308352
lookup-8, 4096, 1250000, 1.426015
lookup-64, 4096, 1250000, 1.434228
bit-parallel, 4096, 1250000, 1.395719
bit-parallel-optimized, 4096, 1250000, 0.932211
bit-parallel-mul, 4096, 1250000, 0.927461
bit-parallel32, 4096, 1250000, 2.458888
bit-parallel-optimized32, 4096, 1250000, 1.785251
harley-seal, 4096, 1250000, 0.356134
sse-bit-parallel, 4096, 1250000, 0.409380
sse-bit-parallel-original, 4096, 1250000, 0.419955
sse-bit-parallel-better, 4096, 1250000, 0.361105
sse-harley-seal, 4096, 1250000, 0.166652
sse-lookup, 4096, 1250000, 0.198424
sse-lookup-original, 4096, 1250000, 0.325180
avx2-lookup, 4096, 1250000, 0.187421
avx2-lookup-original, 4096, 1250000, 0.239888
avx2-harley-seal, 4096, 1250000, 0.153098
cpu, 4096, 1250000, 0.173002
sse-cpu, 4096, 1250000, 0.276741
avx2-cpu, 4096, 1250000, 0.272311
builtin-popcnt, 4096, 1250000, 0.216007
builtin-popcnt32, 4096, 1250000, 0.470071
builtin-popcnt-unrolled, 4096, 1250000, 0.167982
builtin-popcnt-unrolled32, 4096, 1250000, 0.345185
builtin-popcnt-unrolled-errata, 4096, 1250000, 0.150534
builtin-popcnt-unrolled-errata-manual, 4096, 1250000, 0.149186
builtin-popcnt-movdq, 4096, 1250000, 0.307227
builtin-popcnt-movdq-unrolled, 4096, 1250000, 0.276622
builtin-popcnt-movdq-unrolled_manual, 4096, 1250000, 0.725686
lookup-8, 32, 100000000, 1.021106
lookup-64, 32, 100000000, 0.995841
bit-parallel, 32, 100000000, 1.101882
bit-parallel-optimized, 32, 100000000, 0.761191
bit-parallel-mul, 32, 100000000, 0.695524
bit-parallel32, 32, 100000000, 1.723765
bit-parallel-optimized32, 32, 100000000, 1.226692
harley-seal, 32, 100000000, 1.359965
sse-bit-parallel, 32, 100000000, 1.043104
sse-bit-parallel-original, 32, 100000000, 0.732769
sse-bit-parallel-better, 32, 100000000, 1.079846
sse-harley-seal, 32, 100000000, 0.824500
sse-lookup, 32, 100000000, 0.372492
sse-lookup-original, 32, 100000000, 0.690649
avx2-lookup, 32, 100000000, 0.503397
avx2-lookup-original, 32, 100000000, 1.146408
avx2-harley-seal, 32, 100000000, 1.370653
cpu, 32, 100000000, 0.215464
sse-cpu, 32, 100000000, 1.099967
avx2-cpu, 32, 100000000, 1.116293
builtin-popcnt, 32, 100000000, 0.232934
builtin-popcnt32, 32, 100000000, 0.391761
builtin-popcnt-unrolled, 32, 100000000, 0.121090
builtin-popcnt-unrolled32, 32, 100000000, 0.210100
builtin-popcnt-unrolled-errata, 32, 100000000, 0.153798
builtin-popcnt-unrolled-errata-manual, 32, 100000000, 0.206971
builtin-popcnt-movdq, 32, 100000000, 0.180325
builtin-popcnt-movdq-unrolled, 32, 100000000, 0.230171
builtin-popcnt-movdq-unrolled_manual, 32, 100000000, 0.235493
lookup-8, 64, 50000000, 0.982654
lookup-64, 64, 50000000, 0.968608
bit-parallel, 64, 50000000, 0.988186
bit-parallel-optimized, 64, 50000000, 0.668498
bit-parallel-mul, 64, 50000000, 0.617395
bit-parallel32, 64, 50000000, 1.631269
bit-parallel-optimized32, 64, 50000000, 1.152818
harley-seal, 64, 50000000, 0.982899
sse-bit-parallel, 64, 50000000, 0.962732
sse-bit-parallel-original, 64, 50000000, 0.463556
sse-bit-parallel-better, 64, 50000000, 0.968758
sse-harley-seal, 64, 50000000, 0.505780
sse-lookup, 64, 50000000, 0.256146
sse-lookup-original, 64, 50000000, 0.420105
avx2-lookup, 64, 50000000, 0.321142
avx2-lookup-original, 64, 50000000, 0.690528
avx2-harley-seal, 64, 50000000, 0.794405
cpu, 64, 50000000, 0.159059
sse-cpu, 64, 50000000, 0.189339
avx2-cpu, 64, 50000000, 0.996265
builtin-popcnt, 64, 50000000, 0.205908
builtin-popcnt32, 64, 50000000, 0.359377
builtin-popcnt-unrolled, 64, 50000000, 0.099506
builtin-popcnt-unrolled32, 64, 50000000, 0.188516
builtin-popcnt-unrolled-errata, 64, 50000000, 0.124511
builtin-popcnt-unrolled-errata-manual, 64, 50000000, 0.148880
builtin-popcnt-movdq, 64, 50000000, 0.188181
builtin-popcnt-movdq-unrolled, 64, 50000000, 0.217307
builtin-popcnt-movdq-unrolled_manual, 64, 50000000, 0.200844
lookup-8, 128, 25000000, 0.933024
lookup-64, 128, 25000000, 0.920644
bit-parallel, 128, 25000000, 0.924871
bit-parallel-optimized, 128, 25000000, 0.617547
bit-parallel-mul, 128, 25000000, 0.607469
bit-parallel32, 128, 25000000, 1.580504
bit-parallel-optimized32, 128, 25000000, 1.116730
harley-seal, 128, 25000000, 0.441438
sse-bit-parallel, 128, 25000000, 0.577548
sse-bit-parallel-original, 128, 25000000, 0.341349
sse-bit-parallel-better, 128, 25000000, 0.557117
sse-harley-seal, 128, 25000000, 0.363086
sse-lookup, 128, 25000000, 0.158069
sse-lookup-original, 128, 25000000, 0.289089
avx2-lookup, 128, 25000000, 0.223132
avx2-lookup-original, 128, 25000000, 0.409169
avx2-harley-seal, 128, 25000000, 0.499469
cpu, 128, 25000000, 0.122421
sse-cpu, 128, 25000000, 0.187351
avx2-cpu, 128, 25000000, 0.176865
builtin-popcnt, 128, 25000000, 0.169829
builtin-popcnt32, 128, 25000000, 0.319917
builtin-popcnt-unrolled, 128, 25000000, 0.099345
builtin-popcnt-unrolled32, 128, 25000000, 0.192671
builtin-popcnt-unrolled-errata, 128, 25000000, 0.107262
builtin-popcnt-unrolled-errata-manual, 128, 25000000, 0.119150
builtin-popcnt-movdq, 128, 25000000, 0.179285
builtin-popcnt-movdq-unrolled, 128, 25000000, 0.170640
builtin-popcnt-movdq-unrolled_manual, 128, 25000000, 0.188131
lookup-8, 256, 12500000, 0.975050
lookup-64, 256, 12500000, 0.953980
bit-parallel, 256, 12500000, 0.865852
bit-parallel-optimized, 256, 12500000, 0.597055
bit-parallel-mul, 256, 12500000, 0.578884
bit-parallel32, 256, 12500000, 1.594078
bit-parallel-optimized32, 256, 12500000, 1.118885
harley-seal, 256, 12500000, 0.331114
sse-bit-parallel, 256, 12500000, 0.411358
sse-bit-parallel-original, 256, 12500000, 0.283956
sse-bit-parallel-better, 256, 12500000, 0.391989
sse-harley-seal, 256, 12500000, 0.186132
sse-lookup, 256, 12500000, 0.138088
sse-lookup-original, 256, 12500000, 0.219272
avx2-lookup, 256, 12500000, 0.154584
avx2-lookup-original, 256, 12500000, 0.260382
avx2-harley-seal, 256, 12500000, 0.365361
cpu, 256, 12500000, 0.110830
sse-cpu, 256, 12500000, 0.175840
avx2-cpu, 256, 12500000, 0.176668
builtin-popcnt, 256, 12500000, 0.145535
builtin-popcnt32, 256, 12500000, 0.297672
builtin-popcnt-unrolled, 256, 12500000, 0.095929
builtin-popcnt-unrolled32, 256, 12500000, 0.186031
builtin-popcnt-unrolled-errata, 256, 12500000, 0.098979
builtin-popcnt-unrolled-errata-manual, 256, 12500000, 0.104241
builtin-popcnt-movdq, 256, 12500000, 0.181425
builtin-popcnt-movdq-unrolled, 256, 12500000, 0.174260
builtin-popcnt-movdq-unrolled_manual, 256, 12500000, 0.275167
lookup-8, 512, 10000000, 1.491476
lookup-64, 512, 10000000, 1.476222
bit-parallel, 512, 10000000, 1.399540
bit-parallel-optimized, 512, 10000000, 0.965792
bit-parallel-mul, 512, 10000000, 0.990376
bit-parallel32, 512, 10000000, 2.497071
bit-parallel-optimized32, 512, 10000000, 1.782274
harley-seal, 512, 10000000, 0.429877
sse-bit-parallel, 512, 10000000, 0.518756
sse-bit-parallel-original, 512, 10000000, 0.402368
sse-bit-parallel-better, 512, 10000000, 0.487865
sse-harley-seal, 512, 10000000, 0.224832
sse-lookup, 512, 10000000, 0.204643
sse-lookup-original, 512, 10000000, 0.301886
avx2-lookup, 512, 10000000, 0.210548
avx2-lookup-original, 512, 10000000, 0.307239
avx2-harley-seal, 512, 10000000, 0.267532
cpu, 512, 10000000, 0.173746
sse-cpu, 512, 10000000, 0.279305
avx2-cpu, 512, 10000000, 0.280533
builtin-popcnt, 512, 10000000, 0.223096
builtin-popcnt32, 512, 10000000, 0.474989
builtin-popcnt-unrolled, 512, 10000000, 0.155470
builtin-popcnt-unrolled32, 512, 10000000, 0.370512
builtin-popcnt-unrolled-errata, 512, 10000000, 0.140185
builtin-popcnt-unrolled-errata-manual, 512, 10000000, 0.156075
builtin-popcnt-movdq, 512, 10000000, 0.301204
builtin-popcnt-movdq-unrolled, 512, 10000000, 0.274764
builtin-popcnt-movdq-unrolled_manual, 512, 10000000, 1.238873
lookup-8, 1024, 5000000, 1.436700
lookup-64, 1024, 5000000, 1.429627
bit-parallel, 1024, 5000000, 1.385047
bit-parallel-optimized, 1024, 5000000, 0.942256
bit-parallel-mul, 1024, 5000000, 0.964008
bit-parallel32, 1024, 5000000, 2.492864
bit-parallel-optimized32, 1024, 5000000, 1.786491
harley-seal, 1024, 5000000, 0.390657
sse-bit-parallel, 1024, 5000000, 0.442458
sse-bit-parallel-original, 1024, 5000000, 0.433682
sse-bit-parallel-better, 1024, 5000000, 0.405037
sse-harley-seal, 1024, 5000000, 0.187335
sse-lookup, 1024, 5000000, 0.190648
sse-lookup-original, 1024, 5000000, 0.331640
avx2-lookup, 1024, 5000000, 0.193286
avx2-lookup-original, 1024, 5000000, 0.235694
avx2-harley-seal, 1024, 5000000, 0.199603
cpu, 1024, 5000000, 0.167129
sse-cpu, 1024, 5000000, 0.276041
avx2-cpu, 1024, 5000000, 0.280571
builtin-popcnt, 1024, 5000000, 0.213078
builtin-popcnt32, 1024, 5000000, 0.466099
builtin-popcnt-unrolled, 1024, 5000000, 0.190668
builtin-popcnt-unrolled32, 1024, 5000000, 0.342127
builtin-popcnt-unrolled-errata, 1024, 5000000, 0.147682
builtin-popcnt-unrolled-errata-manual, 1024, 5000000, 0.145514
builtin-popcnt-movdq, 1024, 5000000, 0.299895
builtin-popcnt-movdq-unrolled, 1024, 5000000, 0.268467
builtin-popcnt-movdq-unrolled_manual, 1024, 5000000, 0.314300
lookup-8, 2048, 2500000, 1.455654
lookup-64, 2048, 2500000, 1.427754
bit-parallel, 2048, 2500000, 1.377419
bit-parallel-optimized, 2048, 2500000, 0.969814
bit-parallel-mul, 2048, 2500000, 0.949167
bit-parallel32, 2048, 2500000, 2.517457
bit-parallel-optimized32, 2048, 2500000, 1.786153
harley-seal, 2048, 2500000, 0.362664
sse-bit-parallel, 2048, 2500000, 0.422858
sse-bit-parallel-original, 2048, 2500000, 0.431576
sse-bit-parallel-better, 2048, 2500000, 0.368644
sse-harley-seal, 2048, 2500000, 0.164651
sse-lookup, 2048, 2500000, 0.193784
sse-lookup-original, 2048, 2500000, 0.336160
avx2-lookup, 2048, 2500000, 0.190380
avx2-lookup-original, 2048, 2500000, 0.235477
avx2-harley-seal, 2048, 2500000, 0.174692
cpu, 2048, 2500000, 0.186695
sse-cpu, 2048, 2500000, 0.268980
avx2-cpu, 2048, 2500000, 0.280274
builtin-popcnt, 2048, 2500000, 0.217521
builtin-popcnt32, 2048, 2500000, 0.473037
builtin-popcnt-unrolled, 2048, 2500000, 0.177591
builtin-popcnt-unrolled32, 2048, 2500000, 0.338669
builtin-popcnt-unrolled-errata, 2048, 2500000, 0.161132
builtin-popcnt-unrolled-errata-manual, 2048, 2500000, 0.162597
builtin-popcnt-movdq, 2048, 2500000, 0.318798
builtin-popcnt-movdq-unrolled, 2048, 2500000, 0.284962
builtin-popcnt-movdq-unrolled_manual, 2048, 2500000, 0.308705
lookup-8, 4096, 1250000, 1.442176
lookup-64, 4096, 1250000, 1.415008
bit-parallel, 4096, 1250000, 1.387917
bit-parallel-optimized, 4096, 1250000, 0.947860
bit-parallel-mul, 4096, 1250000, 0.926376
bit-parallel32, 4096, 1250000, 2.492027
bit-parallel-optimized32, 4096, 1250000, 1.780360
harley-seal, 4096, 1250000, 0.370812
sse-bit-parallel, 4096, 1250000, 0.399299
sse-bit-parallel-original, 4096, 1250000, 0.421877
sse-bit-parallel-better, 4096, 1250000, 0.361896
sse-harley-seal, 4096, 1250000, 0.160096
sse-lookup, 4096, 1250000, 0.195167
sse-lookup-original, 4096, 1250000, 0.318629
avx2-lookup, 4096, 1250000, 0.182042
avx2-lookup-original, 4096, 1250000, 0.237194
avx2-harley-seal, 4096, 1250000, 0.151446
cpu, 4096, 1250000, 0.173677
sse-cpu, 4096, 1250000, 0.275662
avx2-cpu, 4096, 1250000, 0.271305
builtin-popcnt, 4096, 1250000, 0.205712
builtin-popcnt32, 4096, 1250000, 0.460250
builtin-popcnt-unrolled, 4096, 1250000, 0.167680
builtin-popcnt-unrolled32, 4096, 1250000, 0.330218
builtin-popcnt-unrolled-errata, 4096, 1250000, 0.148732
builtin-popcnt-unrolled-errata-manual, 4096, 1250000, 0.150035
builtin-popcnt-movdq, 4096, 1250000, 0.318141
builtin-popcnt-movdq-unrolled, 4096, 1250000, 0.268412
builtin-popcnt-movdq-unrolled_manual, 4096, 1250000, 0.283829
lookup-8, 32, 100000000, 1.009760
lookup-64, 32, 100000000, 1.027184
bit-parallel, 32, 100000000, 1.097855
bit-parallel-optimized, 32, 100000000, 0.747784
bit-parallel-mul, 32, 100000000, 0.698542
bit-parallel32, 32, 100000000, 1.780565
bit-parallel-optimized32, 32, 100000000, 1.241790
harley-seal, 32, 100000000, 1.359656
sse-bit-parallel, 32, 100000000, 1.026423
sse-bit-parallel-original, 32, 100000000, 0.707240
sse-bit-parallel-better, 32, 100000000, 1.048459
sse-harley-seal, 32, 100000000, 0.791391
sse-lookup, 32, 100000000, 0.357321
sse-lookup-original, 32, 100000000, 0.668656
avx2-lookup, 32, 100000000, 0.498475
avx2-lookup-original, 32, 100000000, 1.137912
avx2-harley-seal, 32, 100000000, 1.358171
cpu, 32, 100000000, 0.214886
sse-cpu, 32, 100000000, 1.075276
avx2-cpu, 32, 100000000, 1.112834
builtin-popcnt, 32, 100000000, 0.244603
builtin-popcnt32, 32, 100000000, 0.402064
builtin-popcnt-unrolled, 32, 100000000, 0.121419
builtin-popcnt-unrolled32, 32, 100000000, 0.201171
builtin-popcnt-unrolled-errata, 32, 100000000, 0.159677
builtin-popcnt-unrolled-errata-manual, 32, 100000000, 0.206994
builtin-popcnt-movdq, 32, 100000000, 0.183540
builtin-popcnt-movdq-unrolled, 32, 100000000, 0.232060
builtin-popcnt-movdq-unrolled_manual, 32, 100000000, 0.235732
lookup-8, 64, 50000000, 0.959724
lookup-64, 64, 50000000, 0.949491
bit-parallel, 64, 50000000, 0.977218
bit-parallel-optimized, 64, 50000000, 0.675068
bit-parallel-mul, 64, 50000000, 0.624444
bit-parallel32, 64, 50000000, 1.666143
bit-parallel-optimized32, 64, 50000000, 1.183483
harley-seal, 64, 50000000, 0.974185
sse-bit-parallel, 64, 50000000, 0.974716
sse-bit-parallel-original, 64, 50000000, 0.463542
sse-bit-parallel-better, 64, 50000000, 0.977833
sse-harley-seal, 64, 50000000, 0.509954
sse-lookup, 64, 50000000, 0.252557
sse-lookup-original, 64, 50000000, 0.420532
avx2-lookup, 64, 50000000, 0.328261
avx2-lookup-original, 64, 50000000, 0.685460
avx2-harley-seal, 64, 50000000, 0.780355
cpu, 64, 50000000, 0.159907
sse-cpu, 64, 50000000, 0.178501
avx2-cpu, 64, 50000000, 0.989319
builtin-popcnt, 64, 50000000, 0.200420
builtin-popcnt32, 64, 50000000, 0.355840
builtin-popcnt-unrolled, 64, 50000000, 0.104940
builtin-popcnt-unrolled32, 64, 50000000, 0.193313
builtin-popcnt-unrolled-errata, 64, 50000000, 0.123902
builtin-popcnt-unrolled-errata-manual, 64, 50000000, 0.153378
builtin-popcnt-movdq, 64, 50000000, 0.188930
builtin-popcnt-movdq-unrolled, 64, 50000000, 0.218697
builtin-popcnt-movdq-unrolled_manual, 64, 50000000, 0.201689
lookup-8, 128, 25000000, 0.917959
lookup-64, 128, 25000000, 0.930327
bit-parallel, 128, 25000000, 0.896442
bit-parallel-optimized, 128, 25000000, 0.628761
bit-parallel-mul, 128, 25000000, 0.611647
bit-parallel32, 128, 25000000, 1.595667
bit-parallel-optimized32, 128, 25000000, 1.124098
harley-seal, 128, 25000000, 0.439961
sse-bit-parallel, 128, 25000000, 0.582348
sse-bit-parallel-original, 128, 25000000, 0.347958
sse-bit-parallel-better, 128, 25000000, 0.562777
sse-harley-seal, 128, 25000000, 0.373065
sse-lookup, 128, 25000000, 0.168788
sse-lookup-original, 128, 25000000, 0.292524
avx2-lookup, 128, 25000000, 0.217177
avx2-lookup-original, 128, 25000000, 0.412265
avx2-harley-seal, 128, 25000000, 0.490749
cpu, 128, 25000000, 0.120004
sse-cpu, 128, 25000000, 0.187711
avx2-cpu, 128, 25000000, 0.172997
builtin-popcnt, 128, 25000000, 0.170959
builtin-popcnt32, 128, 25000000, 0.308971
builtin-popcnt-unrolled, 128, 25000000, 0.096539
builtin-popcnt-unrolled32, 128, 25000000, 0.187894
builtin-popcnt-unrolled-errata, 128, 25000000, 0.107920
builtin-popcnt-unrolled-errata-manual, 128, 25000000, 0.114015
builtin-popcnt-movdq, 128, 25000000, 0.182855
builtin-popcnt-movdq-unrolled, 128, 25000000, 0.174503
builtin-popcnt-movdq-unrolled_manual, 128, 25000000, 0.186312
lookup-8, 256, 12500000, 0.965587
lookup-64, 256, 12500000, 0.960029
bit-parallel, 256, 12500000, 0.907509
bit-parallel-optimized, 256, 12500000, 0.618696
bit-parallel-mul, 256, 12500000, 0.592097
bit-parallel32, 256, 12500000, 1.571579
bit-parallel-optimized32, 256, 12500000, 1.121102
harley-seal, 256, 12500000, 0.327190
sse-bit-parallel, 256, 12500000, 0.403997
sse-bit-parallel-original, 256, 12500000, 0.281946
sse-bit-parallel-better, 256, 12500000, 0.376753
sse-harley-seal, 256, 12500000, 0.189328
sse-lookup, 256, 12500000, 0.139474
sse-lookup-original, 256, 12500000, 0.221383
avx2-lookup, 256, 12500000, 0.157744
avx2-lookup-original, 256, 12500000, 0.262297
avx2-harley-seal, 256, 12500000, 0.364152
cpu, 256, 12500000, 0.108634
sse-cpu, 256, 12500000, 0.177711
avx2-cpu, 256, 12500000, 0.172020
builtin-popcnt, 256, 12500000, 0.146922
builtin-popcnt32, 256, 12500000, 0.299245
builtin-popcnt-unrolled, 256, 12500000, 0.095463
builtin-popcnt-unrolled32, 256, 12500000, 0.190364
builtin-popcnt-unrolled-errata, 256, 12500000, 0.098930
builtin-popcnt-unrolled-errata-manual, 256, 12500000, 0.098935
builtin-popcnt-movdq, 256, 12500000, 0.185666
builtin-popcnt-movdq-unrolled, 256, 12500000, 0.178194
builtin-popcnt-movdq-unrolled_manual, 256, 12500000, 0.193040
lookup-8, 512, 10000000, 1.488943
lookup-64, 512, 10000000, 1.495966
bit-parallel, 512, 10000000, 1.393898
bit-parallel-optimized, 512, 10000000, 0.934261
bit-parallel-mul, 512, 10000000, 0.976901
bit-parallel32, 512, 10000000, 2.502575
bit-parallel-optimized32, 512, 10000000, 1.768521
harley-seal, 512, 10000000, 0.434835
sse-bit-parallel, 512, 10000000, 0.517656
sse-bit-parallel-original, 512, 10000000, 0.412614
sse-bit-parallel-better, 512, 10000000, 0.481756
sse-harley-seal, 512, 10000000, 0.223695
sse-lookup, 512, 10000000, 0.206274
sse-lookup-original, 512, 10000000, 0.296749
avx2-lookup, 512, 10000000, 0.207727
avx2-lookup-original, 512, 10000000, 0.302144
avx2-harley-seal, 512, 10000000, 0.267293
cpu, 512, 10000000, 0.169413
sse-cpu, 512, 10000000, 0.280209
avx2-cpu, 512, 10000000, 0.268976
builtin-popcnt, 512, 10000000, 0.226584
builtin-popcnt32, 512, 10000000, 0.478332
builtin-popcnt-unrolled, 512, 10000000, 0.151656
builtin-popcnt-unrolled32, 512, 10000000, 0.372029
builtin-popcnt-unrolled-errata, 512, 10000000, 0.146149
builtin-popcnt-unrolled-errata-manual, 512, 10000000, 0.155498
builtin-popcnt-movdq, 512, 10000000, 0.305392
builtin-popcnt-movdq-unrolled, 512, 10000000, 0.272636
builtin-popcnt-movdq-unrolled_manual, 512, 10000000, 0.289343
lookup-8, 1024, 5000000, 1.461554
lookup-64, 1024, 5000000, 1.474296
bit-parallel, 1024, 5000000, 1.371260
bit-parallel-optimized, 1024, 5000000, 0.961574
bit-parallel-mul, 1024, 5000000, 0.949449
bit-parallel32, 1024, 5000000, 2.512368
bit-parallel-optimized32, 1024, 5000000, 1.842015
harley-seal, 1024, 5000000, 0.392751
sse-bit-parallel, 1024, 5000000, 0.462994
sse-bit-parallel-original, 1024, 5000000, 0.422631
sse-bit-parallel-better, 1024, 5000000, 0.408812
sse-harley-seal, 1024, 5000000, 0.182346
sse-lookup, 1024, 5000000, 0.188726
sse-lookup-original, 1024, 5000000, 0.325048
avx2-lookup, 1024, 5000000, 0.196167
avx2-lookup-original, 1024, 5000000, 0.243677
avx2-harley-seal, 1024, 5000000, 0.206340
cpu, 1024, 5000000, 0.172060
sse-cpu, 1024, 5000000, 0.268528
avx2-cpu, 1024, 5000000, 0.266119
builtin-popcnt, 1024, 5000000, 0.213770
builtin-popcnt32, 1024, 5000000, 0.468314
builtin-popcnt-unrolled, 1024, 5000000, 0.193146
builtin-popcnt-unrolled32, 1024, 5000000, 0.351160
builtin-popcnt-unrolled-errata, 1024, 5000000, 0.147505
builtin-popcnt-unrolled-errata-manual, 1024, 5000000, 0.149334
builtin-popcnt-movdq, 1024, 5000000, 0.299079
builtin-popcnt-movdq-unrolled, 1024, 5000000, 0.269183
builtin-popcnt-movdq-unrolled_manual, 1024, 5000000, 0.318845
lookup-8, 2048, 2500000, 1.431705
lookup-64, 2048, 2500000, 1.451861
bit-parallel, 2048, 2500000, 1.868501
bit-parallel-optimized, 2048, 2500000, 0.956115
bit-parallel-mul, 2048, 2500000, 0.949009
bit-parallel32, 2048, 2500000, 2.486306
bit-parallel-optimized32, 2048, 2500000, 1.786586
harley-seal, 2048, 2500000, 0.374841
sse-bit-parallel, 2048, 2500000, 0.427100
sse-bit-parallel-original, 2048, 2500000, 0.448914
sse-bit-parallel-better, 2048, 2500000, 0.382689
sse-harley-seal, 2048, 2500000, 0.167663
sse-lookup, 2048, 2500000, 0.189630
sse-lookup-original, 2048, 2500000, 0.342474
avx2-lookup, 2048, 2500000, 0.192391
avx2-lookup-original, 2048, 2500000, 0.230956
avx2-harley-seal, 2048, 2500000, 0.171898
cpu, 2048, 2500000, 0.186490
sse-cpu, 2048, 2500000, 0.272264
avx2-cpu, 2048, 2500000, 0.266711
builtin-popcnt, 2048, 2500000, 0.209564
builtin-popcnt32, 2048, 2500000, 0.470449
builtin-popcnt-unrolled, 2048, 2500000, 0.170444
builtin-popcnt-unrolled32, 2048, 2500000, 0.336816
builtin-popcnt-unrolled-errata, 2048, 2500000, 0.157254
builtin-popcnt-unrolled-errata-manual, 2048, 2500000, 0.154801
builtin-popcnt-movdq, 2048, 2500000, 0.322993
builtin-popcnt-movdq-unrolled, 2048, 2500000, 0.277863
builtin-popcnt-movdq-unrolled_manual, 2048, 2500000, 0.302424
lookup-8, 4096, 1250000, 1.454099
lookup-64, 4096, 1250000, 1.442964
bit-parallel, 4096, 1250000, 1.371594
bit-parallel-optimized, 4096, 1250000, 0.952570
bit-parallel-mul, 4096, 1250000, 0.938397
bit-parallel32, 4096, 1250000, 2.466309
bit-parallel-optimized32, 4096, 1250000, 1.803405
harley-seal, 4096, 1250000, 0.352125
sse-bit-parallel, 4096, 1250000, 0.405915
sse-bit-parallel-original, 4096, 1250000, 0.428240
sse-bit-parallel-better, 4096, 1250000, 0.355917
sse-harley-seal, 4096, 1250000, 0.164811
sse-lookup, 4096, 1250000, 0.195115
sse-lookup-original, 4096, 1250000, 0.323979
avx2-lookup, 4096, 1250000, 0.184984
avx2-lookup-original, 4096, 1250000, 0.241327
avx2-harley-seal, 4096, 1250000, 0.156901
cpu, 4096, 1250000, 0.178995
sse-cpu, 4096, 1250000, 0.270916
avx2-cpu, 4096, 1250000, 0.277241
builtin-popcnt, 4096, 1250000, 0.216260
builtin-popcnt32, 4096, 1250000, 0.458696
builtin-popcnt-unrolled, 4096, 1250000, 0.174491
builtin-popcnt-unrolled32, 4096, 1250000, 0.338653
builtin-popcnt-unrolled-errata, 4096, 1250000, 0.151451
builtin-popcnt-unrolled-errata-manual, 4096, 1250000, 0.144899
builtin-popcnt-movdq, 4096, 1250000, 0.307446
builtin-popcnt-movdq-unrolled, 4096, 1250000, 0.277268
builtin-popcnt-movdq-unrolled_manual, 4096, 1250000, 0.294240
lookup-8, 32, 100000000, 1.042949
lookup-64, 32, 100000000, 1.023264
bit-parallel, 32, 100000000, 1.101858
bit-parallel-optimized, 32, 100000000, 0.769106
bit-parallel-mul, 32, 100000000, 0.693943
bit-parallel32, 32, 100000000, 1.726441
bit-parallel-optimized32, 32, 100000000, 1.204928
harley-seal, 32, 100000000, 1.372099
sse-bit-parallel, 32, 100000000, 1.048889
sse-bit-parallel-original, 32, 100000000, 0.733070
sse-bit-parallel-better, 32, 100000000, 1.043231
sse-harley-seal, 32, 100000000, 0.798971
sse-lookup, 32, 100000000, 0.379559
sse-lookup-original, 32, 100000000, 0.676296
avx2-lookup, 32, 100000000, 0.493108
avx2-lookup-original, 32, 100000000, 1.146528
avx2-harley-seal, 32, 100000000, 1.358617
cpu, 32, 100000000, 0.215795
sse-cpu, 32, 100000000, 1.113374
avx2-cpu, 32, 100000000, 1.135930
builtin-popcnt, 32, 100000000, 0.238230
builtin-popcnt32, 32, 100000000, 0.398171
builtin-popcnt-unrolled, 32, 100000000, 0.119088
builtin-popcnt-unrolled32, 32, 100000000, 0.206874
builtin-popcnt-unrolled-errata, 32, 100000000, 0.159383
builtin-popcnt-unrolled-errata-manual, 32, 100000000, 0.201699
builtin-popcnt-movdq, 32, 100000000, 0.180247
builtin-popcnt-movdq-unrolled, 32, 100000000, 0.235244
builtin-popcnt-movdq-unrolled_manual, 32, 100000000, 0.229239
lookup-8, 64, 50000000, 0.974526
lookup-64, 64, 50000000, 0.964894
bit-parallel, 64, 50000000, 0.990381
bit-parallel-optimized, 64, 50000000, 0.669523
bit-parallel-mul, 64, 50000000, 0.647300
bit-parallel32, 64, 50000000, 1.665065
bit-parallel-optimized32, 64, 50000000, 1.175496
harley-seal, 64, 50000000, 0.966706
sse-bit-parallel, 64, 50000000, 0.941217
sse-bit-parallel-original, 64, 50000000, 0.473273
sse-bit-parallel-better, 64, 50000000, 0.969648
sse-harley-seal, 64, 50000000, 0.497395
sse-lookup, 64, 50000000, 0.255786
sse-lookup-original, 64, 50000000, 0.419575
avx2-lookup, 64, 50000000, 0.321897
avx2-lookup-original, 64, 50000000, 0.688453
avx2-harley-seal, 64, 50000000, 0.800286
cpu, 64, 50000000, 0.161799
sse-cpu, 64, 50000000, 0.185470
avx2-cpu, 64, 50000000, 1.000154
builtin-popcnt, 64, 50000000, 0.198341
builtin-popcnt32, 64, 50000000, 0.358751
builtin-popcnt-unrolled, 64, 50000000, 0.105121
builtin-popcnt-unrolled32, 64, 50000000, 0.188974
builtin-popcnt-unrolled-errata, 64, 50000000, 0.117967
builtin-popcnt-unrolled-errata-manual, 64, 50000000, 0.145383
builtin-popcnt-movdq, 64, 50000000, 0.182110
builtin-popcnt-movdq-unrolled, 64, 50000000, 0.217493
builtin-popcnt-movdq-unrolled_manual, 64, 50000000, 0.199623
lookup-8, 128, 25000000, 0.930451
lookup-64, 128, 25000000, 0.924325
bit-parallel, 128, 25000000, 0.899712
bit-parallel-optimized, 128, 25000000, 0.620684
bit-parallel-mul, 128, 25000000, 0.603889
bit-parallel32, 128, 25000000, 1.607674
bit-parallel-optimized32, 128, 25000000, 1.127977
harley-seal, 128, 25000000, 0.437438
sse-bit-parallel, 128, 25000000, 0.570307
sse-bit-parallel-original, 128, 25000000, 0.348986
sse-bit-parallel-better, 128, 25000000, 0.560083
sse-harley-seal, 128, 25000000, 0.375220
sse-lookup, 128, 25000000, 0.167935
sse-lookup-original, 128, 25000000, 0.295090
avx2-lookup, 128, 25000000, 0.223777
avx2-lookup-original, 128, 25000000, 0.430355
avx2-harley-seal, 128, 25000000, 0.504202
cpu, 128, 25000000, 0.121257
sse-cpu, 128, 25000000, 0.177347
avx2-cpu, 128, 25000000, 0.174970
builtin-popcnt, 128, 25000000, 0.174639
builtin-popcnt32, 128, 25000000, 0.311192
builtin-popcnt-unrolled, 128, 25000000, 0.095439
builtin-popcnt-unrolled32, 128, 25000000, 0.190534
builtin-popcnt-unrolled-errata, 128, 25000000, 0.107514
builtin-popcnt-unrolled-errata-manual, 128, 25000000, 0.118169
builtin-popcnt-movdq, 128, 25000000, 0.186833
builtin-popcnt-movdq-unrolled, 128, 25000000, 0.178843
builtin-popcnt-movdq-unrolled_manual, 128, 25000000, 0.189728
lookup-8, 256, 12500000, 0.976410
lookup-64, 256, 12500000, 0.966663
bit-parallel, 256, 12500000, 0.883349
bit-parallel-optimized, 256, 12500000, 0.608657
bit-parallel-mul, 256, 12500000, 0.579100
bit-parallel32, 256, 12500000, 1.541734
bit-parallel-optimized32, 256, 12500000, 1.109933
harley-seal, 256, 12500000, 0.339522
sse-bit-parallel, 256, 12500000, 0.410714
sse-bit-parallel-original, 256, 12500000, 0.290780
sse-bit-parallel-better, 256, 12500000, 0.385358
sse-harley-seal, 256, 12500000, 0.177821
sse-lookup, 256, 12500000, 0.140357
sse-lookup-original, 256, 12500000, 0.222823
avx2-lookup, 256, 12500000, 0.160498
avx2-lookup-original, 256, 12500000, 0.257185
avx2-harley-seal, 256, 12500000, 0.366419
cpu, 256, 12500000, 0.111883
sse-cpu, 256, 12500000, 0.183908
avx2-cpu, 256, 12500000, 0.178135
builtin-popcnt, 256, 12500000, 0.150506
builtin-popcnt32, 256, 12500000, 0.297557
builtin-popcnt-unrolled, 256, 12500000, 0.095488
builtin-popcnt-unrolled32, 256, 12500000, 0.192572
builtin-popcnt-unrolled-errata, 256, 12500000, 0.098045
builtin-popcnt-unrolled-errata-manual, 256, 12500000, 0.107034
builtin-popcnt-movdq, 256, 12500000, 0.181561
builtin-popcnt-movdq-unrolled, 256, 12500000, 0.174632
builtin-popcnt-movdq-unrolled_manual, 256, 12500000, 0.189107
lookup-8, 512, 10000000, 1.492748
lookup-64, 512, 10000000, 1.509421
bit-parallel, 512, 10000000, 1.377926
bit-parallel-optimized, 512, 10000000, 0.934430
bit-parallel-mul, 512, 10000000, 0.955652
bit-parallel32, 512, 10000000, 2.491398
bit-parallel-optimized32, 512, 10000000, 1.787357
harley-seal, 512, 10000000, 0.449656
sse-bit-parallel, 512, 10000000, 0.512169
sse-bit-parallel-original, 512, 10000000, 0.416930
sse-bit-parallel-better, 512, 10000000, 0.479512
sse-harley-seal, 512, 10000000, 0.220244
sse-lookup, 512, 10000000, 0.201259
sse-lookup-original, 512, 10000000, 0.307511
avx2-lookup, 512, 10000000, 0.219435
avx2-lookup-original, 512, 10000000, 0.309930
avx2-harley-seal, 512, 10000000, 0.252937
cpu, 512, 10000000, 0.168824
sse-cpu, 512, 10000000, 0.278496
avx2-cpu, 512, 10000000, 0.275392
builtin-popcnt, 512, 10000000, 0.218461
builtin-popcnt32, 512, 10000000, 0.460243
builtin-popcnt-unrolled, 512, 10000000, 0.150564
builtin-popcnt-unrolled32, 512, 10000000, 0.382545
builtin-popcnt-unrolled-errata, 512, 10000000, 0.146048
builtin-popcnt-unrolled-errata-manual, 512, 10000000, 0.153264
builtin-popcnt-movdq, 512, 10000000, 0.305810
builtin-popcnt-movdq-unrolled, 512, 10000000, 0.270044
builtin-popcnt-movdq-unrolled_manual, 512, 10000000, 0.296592
lookup-8, 1024, 5000000, 1.432314
lookup-64, 1024, 5000000, 1.420411
bit-parallel, 1024, 5000000, 1.404516
bit-parallel-optimized, 1024, 5000000, 0.954707
bit-parallel-mul, 1024, 5000000, 0.956081
bit-parallel32, 1024, 5000000, 2.491820
bit-parallel-optimized32, 1024, 5000000, 1.844137
harley-seal, 1024, 5000000, 0.384294
sse-bit-parallel, 1024, 5000000, 0.456927
sse-bit-parallel-original, 1024, 5000000, 0.431029
sse-bit-parallel-better, 1024, 5000000, 0.416404
sse-harley-seal, 1024, 5000000, 0.185992
sse-lookup, 1024, 5000000, 0.190097
sse-lookup-original, 1024, 5000000, 0.325577
avx2-lookup, 1024, 5000000, 0.199694
avx2-lookup-original, 1024, 5000000, 0.246230
avx2-harley-seal, 1024, 5000000, 0.199098
cpu, 1024, 5000000, 0.165941
sse-cpu, 1024, 5000000, 0.272497
avx2-cpu, 1024, 5000000, 0.283024
builtin-popcnt, 1024, 5000000, 0.220077
builtin-popcnt32, 1024, 5000000, 0.457662
builtin-popcnt-unrolled, 1024, 5000000, 0.193760
builtin-popcnt-unrolled32, 1024, 5000000, 0.348553
builtin-popcnt-unrolled-errata, 1024, 5000000, 0.141814
builtin-popcnt-unrolled-errata-manual, 1024, 5000000, 0.144048
builtin-popcnt-movdq, 1024, 5000000, 0.303528
builtin-popcnt-movdq-unrolled, 1024, 5000000, 0.269998
builtin-popcnt-movdq-unrolled_manual, 1024, 5000000, 0.318857
lookup-8, 2048, 2500000, 1.427905
lookup-64, 2048, 2500000, 1.442511
bit-parallel, 2048, 2500000, 1.385011
bit-parallel-optimized, 2048, 2500000, 0.937472
bit-parallel-mul, 2048, 2500000, 0.943166
bit-parallel32, 2048, 2500000, 2.544767
bit-parallel-optimized32, 2048, 2500000, 1.803932
harley-seal, 2048, 2500000, 0.359486
sse-bit-parallel, 2048, 2500000, 0.425787
sse-bit-parallel-original, 2048, 2500000, 0.443829
sse-bit-parallel-better, 2048, 2500000, 0.367501
sse-harley-seal, 2048, 2500000, 0.173208
sse-lookup, 2048, 2500000, 0.188327
sse-lookup-original, 2048, 2500000, 0.331144
avx2-lookup, 2048, 2500000, 0.185263
avx2-lookup-original, 2048, 2500000, 0.238619
avx2-harley-seal, 2048, 2500000, 0.173676
cpu, 2048, 2500000, 0.184133
sse-cpu, 2048, 2500000, 0.261610
avx2-cpu, 2048, 2500000, 0.267288
builtin-popcnt, 2048, 2500000, 0.205319
builtin-popcnt32, 2048, 2500000, 0.463220
builtin-popcnt-unrolled, 2048, 2500000, 0.167643
builtin-popcnt-unrolled32, 2048, 2500000, 0.333466
builtin-popcnt-unrolled-errata, 2048, 2500000, 0.158738
builtin-popcnt-unrolled-errata-manual, 2048, 2500000, 0.164769
builtin-popcnt-movdq, 2048, 2500000, 0.311755
builtin-popcnt-movdq-unrolled, 2048, 2500000, 0.281077
builtin-popcnt-movdq-unrolled_manual, 2048, 2500000, 0.300935
lookup-8, 4096, 1250000, 1.440490
lookup-64, 4096, 1250000, 1.439474
bit-parallel, 4096, 1250000, 1.387645
bit-parallel-optimized, 4096, 1250000, 0.955703
bit-parallel-mul, 4096, 1250000, 0.943658
bit-parallel32, 4096, 1250000, 2.450189
bit-parallel-optimized32, 4096, 1250000, 1.758501
harley-seal, 4096, 1250000, 0.354106
sse-bit-parallel, 4096, 1250000, 0.409854
sse-bit-parallel-original, 4096, 1250000, 0.428605
sse-bit-parallel-better, 4096, 1250000, 0.353260
sse-harley-seal, 4096, 1250000, 0.160470
sse-lookup, 4096, 1250000, 0.189693
sse-lookup-original, 4096, 1250000, 0.323176
avx2-lookup, 4096, 1250000, 0.190767
avx2-lookup-original, 4096, 1250000, 0.242698
avx2-harley-seal, 4096, 1250000, 0.151518
cpu, 4096, 1250000, 0.171763
sse-cpu, 4096, 1250000, 0.271945
avx2-cpu, 4096, 1250000, 0.270506
builtin-popcnt, 4096, 1250000, 0.207405
builtin-popcnt32, 4096, 1250000, 0.450455
builtin-popcnt-unrolled, 4096, 1250000, 0.162216
builtin-popcnt-unrolled32, 4096, 1250000, 0.345567
builtin-popcnt-unrolled-errata, 4096, 1250000, 0.153374
builtin-popcnt-unrolled-errata-manual, 4096, 1250000, 0.151070
builtin-popcnt-movdq, 4096, 1250000, 0.304184
builtin-popcnt-movdq-unrolled, 4096, 1250000, 0.273390
builtin-popcnt-movdq-unrolled_manual, 4096, 1250000, 0.294903
